<?xml version="1.0" encoding="utf-8" ?>

<extension type="component" version="3.0" method="upgrade">

	 <name>COM_OPENCHAT</name>
	 <author>Sourabh Bute</author>
	 <version>1.0.0</version>
	 <description>COM_OPENCHAT_DESC</description>

	 <media destination="com_openchat" folder="media">
	 	<folder>css</folder>
	 	<folder>js</folder>
	 	<folder>images</folder>
	 </media>

	 <files folder="site">
	 	<filename>index.html</filename>
	 	<filename>openchat.php</filename>
	 	<filename>controller.php</filename>
	 </files>

	 <languages folder="site/language">
	 	<language tag="en-GB">en-GB/en-GB.com_openchat.ini</language>
	 </languages>

	 <install>
	 	 <sql>
	 	 	<file driver="mysql" charset="utf8">install.sql</file>
	 	 </sql>

	 </install>

	 <uninstall>
	 	<sql>
	 		<file driver="mysql" charset="utf8">uninstall.sql</file>
	 	</sql>
	 </uninstall>

     <administration folder ="admin">
	 	 <files folder="admin">
	 	 	<filename>index.html</filename>
	 	 	<filename>openchat.php</filename>
	 	 	<filename>controller.php</filename>
	 	 	<filename>install.sql</filename>
	 	 	<filename>uninstall.sql</filename>
	 	 </files>
	 	 
	 	 <languages folder="admin/language">
	 	 	<language tag="en-GB">en-GB/en-GB.com_openchat.ini</language>
	 	 	<language tag="en-GB">en-GB/en-GB.com_openchat.sys.ini</language>
	 	 </languages>


	 	 <menu link="index.php?option=com_openchat">COM_OPENCHAT</menu>

	 	 <submenu>
	 	 	    <menu link="option=com_openchat&amp;task=chat_history">COM_OPENCHAT_CHAT_HISTORY</menu>
	 	 	    <menu link="option=com_openchat&amp;task=blocked_users">COM_OPENCHAT_BLOCKED_USERS</menu>
	 	 </submenu>


     </administration>
</extension>
